,0,1,2,3,4,5,6,7,8
0,0.0,0.83561695,0.5223137,0.5444373,0.71644545,2.2681508,0.3205279,1.4093606,3.7595215
1,0.83561695,0.0,0.99031997,0.82257366,0.85141695,3.13706,0.5101675,2.079722,4.962594
2,0.5223137,0.99031997,0.0,0.82066774,1.034397,1.8636558,0.53507614,1.3222218,3.1836143
3,0.5444373,0.82257366,0.82066774,0.0,0.65101004,2.7554512,0.4975456,1.659996,4.4904137
4,0.71644545,0.85141695,1.034397,0.65101004,0.0,3.785629,0.5505171,2.3661015,5.808772
5,2.2681508,3.13706,1.8636558,2.7554512,3.785629,0.0,2.503893,1.9854152,1.6754997
6,0.3205279,0.5101675,0.53507614,0.4975456,0.5505171,2.503893,0.0,1.447344,3.9067335
7,1.4093606,2.079722,1.3222218,1.659996,2.3661015,1.9854152,1.447344,0.0,2.1319563
8,3.7595215,4.962594,3.1836143,4.4904137,5.808772,1.6754997,3.9067335,2.1319563,0.0
