train_loss,train_acc,val_loss,val_acc,test_loss,test_acc
1.3966628313064575,0.23412698412698413,1.3880727291107178,0.25,1.388480305671692,0.25
1.3752330541610718,0.24206349206349206,1.3928829431533813,0.25,1.3931702852249146,0.25
1.3701790571212769,0.27380952380952384,1.397951364517212,0.25,1.3950433731079102,0.25
1.360159158706665,0.3412698412698413,1.401046633720398,0.25,1.4029307603836059,0.25
1.3145495653152466,0.4166666666666667,1.3994181156158447,0.2777777777777778,1.4012088775634766,0.2465277777777778
1.2335491180419922,0.5674603174603174,1.4154605865478516,0.25,1.4061923027038574,0.25
1.1029994487762451,0.7023809523809523,1.4559251070022583,0.25,1.4458909034729004,0.25
0.9707390666007996,0.8055555555555556,2.2267398834228516,0.25,2.2266332626342775,0.2534722222222222
0.703445315361023,0.9166666666666666,2.238165855407715,0.2777777777777778,2.2251030921936037,0.2638888888888889
0.5268754363059998,0.9880952380952381,1.6359354257583618,0.3611111111111111,1.623718500137329,0.3541666666666667
0.34499773383140564,1.0,2.4270877838134766,0.25,2.5031372547149657,0.25
0.27466943860054016,0.996031746031746,3.7448480129241943,0.25,3.6375046730041505,0.2534722222222222
0.17295454442501068,1.0,3.6180953979492188,0.25,4.270192098617554,0.2569444444444444
0.12346407026052475,1.0,2.2574620246887207,0.25,2.228197383880615,0.25
0.07340477406978607,1.0,4.487033367156982,0.2777777777777778,4.403239822387695,0.2465277777777778
0.06405755877494812,1.0,2.72135591506958,0.3055555555555556,3.180613946914673,0.25
0.046684686094522476,1.0,8.00912094116211,0.25,8.689361667633056,0.25
0.03799237683415413,1.0,4.269099712371826,0.25,4.299425363540649,0.25
0.027342278510332108,1.0,1.5733466148376465,0.3055555555555556,1.6661067247390746,0.3263888888888889
0.02341313846409321,1.0,3.2378807067871094,0.25,3.66512713432312,0.25
0.026397718116641045,1.0,3.281191110610962,0.25,3.9280687808990478,0.25
0.02131729945540428,1.0,3.1950979232788086,0.25,3.459955644607544,0.25
0.012696577236056328,1.0,2.2560856342315674,0.2777777777777778,2.3838736057281493,0.3159722222222222
0.01118761207908392,1.0,2.0645763874053955,0.2222222222222222,1.9748750925064087,0.2673611111111111
0.014024962671101093,1.0,1.9411669969558716,0.3055555555555556,2.0886254787445067,0.2673611111111111
0.010587813332676888,1.0,1.8175345659255981,0.25,1.77280113697052,0.2847222222222222
0.00792074203491211,1.0,1.6233092546463013,0.3055555555555556,1.7193345069885253,0.3229166666666667
0.00686149625107646,1.0,1.520272970199585,0.3611111111111111,1.6523478031158447,0.3020833333333333
0.007394762709736824,1.0,1.4638625383377075,0.3611111111111111,1.5487914085388184,0.3090277777777778
0.005889683496206999,1.0,1.5233349800109863,0.2777777777777778,1.5960057735443116,0.2916666666666667
0.006485256832093,1.0,1.332220196723938,0.3611111111111111,1.4175862550735474,0.3541666666666667
0.0071066697128117085,1.0,1.424739956855774,0.3055555555555556,1.533099150657654,0.3263888888888889
0.006709211505949497,1.0,1.342499017715454,0.2777777777777778,1.4398581981658936,0.3576388888888889
0.004685029853135347,1.0,1.3332486152648926,0.4166666666666667,1.4132303953170777,0.3402777777777778
0.005207909271121025,1.0,1.3317240476608276,0.3055555555555556,1.413753914833069,0.3333333333333333
0.007083633448928595,1.0,1.3365296125411987,0.3611111111111111,1.4166767835617065,0.3194444444444444
0.005274640396237373,1.0,1.3102154731750488,0.3888888888888889,1.4044308423995973,0.3541666666666667
0.007234850898385048,1.0,1.3182315826416016,0.4444444444444444,1.405530834197998,0.3506944444444444
0.00781987514346838,1.0,1.3109793663024902,0.3333333333333333,1.3780181646347045,0.3055555555555556
0.004129001405090094,1.0,1.3316645622253418,0.3888888888888889,1.4419121503829957,0.3333333333333333
0.0038801701739430428,1.0,1.2983880043029785,0.4166666666666667,1.4059213399887085,0.3576388888888889
0.004692028742283583,1.0,1.2970950603485107,0.4444444444444444,1.4126818895339965,0.3541666666666667
0.0036988069768995047,1.0,1.2917264699935913,0.4166666666666667,1.3850720882415772,0.3368055555555556
0.00531363720074296,1.0,1.3221687078475952,0.3333333333333333,1.4141122341156005,0.3333333333333333
0.004247808363288641,1.0,1.3233349323272705,0.3611111111111111,1.429928731918335,0.3159722222222222
0.007972808554768562,1.0,1.2968058586120605,0.4166666666666667,1.3931575059890746,0.3263888888888889
0.005054827313870192,1.0,1.3156790733337402,0.4166666666666667,1.4157345056533814,0.3472222222222222
0.004011102020740509,1.0,1.3211976289749146,0.4166666666666667,1.4118574857711792,0.3298611111111111
0.005949975922703743,1.0,1.3092135190963745,0.3888888888888889,1.4018829107284545,0.3263888888888889
0.004621640779078007,1.0,1.3039580583572388,0.3888888888888889,1.4000309467315675,0.3090277777777778
0.003104871604591608,1.0,1.3802711963653564,0.3611111111111111,1.4748450756072997,0.3194444444444444
0.003106802934780717,1.0,1.3403706550598145,0.3333333333333333,1.4407592058181762,0.3263888888888889
0.0038811329286545515,1.0,1.3136732578277588,0.3888888888888889,1.4010669469833374,0.3125
0.007563021965324879,1.0,1.3180387020111084,0.3888888888888889,1.4134028673171997,0.3194444444444444
0.0032346867956221104,1.0,1.3201284408569336,0.3611111111111111,1.4089862823486328,0.3298611111111111
0.003271496621891856,1.0,1.300654411315918,0.3888888888888889,1.3976649284362792,0.3333333333333333
0.002862515626475215,1.0,1.3025130033493042,0.3888888888888889,1.405512237548828,0.3402777777777778
0.005144244525581598,1.0,1.3307081460952759,0.3611111111111111,1.459986114501953,0.3298611111111111
0.00562292942777276,1.0,1.331856608390808,0.3333333333333333,1.4481880426406861,0.3333333333333333
0.003136290470138192,1.0,1.3251270055770874,0.3888888888888889,1.4336135625839233,0.3055555555555556
0.0032713711261749268,1.0,1.318530559539795,0.3611111111111111,1.4252530574798583,0.3194444444444444
0.003280402859672904,1.0,1.3309030532836914,0.3333333333333333,1.414429259300232,0.3333333333333333
0.00476587051525712,1.0,1.3335490226745605,0.3611111111111111,1.4259220361709595,0.3229166666666667
0.0028941198252141476,1.0,1.322935938835144,0.4166666666666667,1.4238423824310302,0.3125
0.0030688527040183544,1.0,1.3272696733474731,0.3333333333333333,1.4169091701507568,0.3333333333333333
0.002940902253612876,1.0,1.320965051651001,0.3333333333333333,1.4396839380264281,0.3229166666666667
0.0023798123002052307,1.0,1.3199602365493774,0.3611111111111111,1.4131436586380004,0.3229166666666667
0.002331744646653533,1.0,1.321717381477356,0.4166666666666667,1.4114559412002563,0.3055555555555556
0.0028793395031243563,1.0,1.4327090978622437,0.3611111111111111,1.5513975620269775,0.3090277777777778
0.002503222320228815,1.0,1.3421272039413452,0.3333333333333333,1.4522024154663087,0.3090277777777778
0.0022962228395044804,1.0,1.8364391326904297,0.25,2.0234739542007447,0.2673611111111111
0.002410776214674115,1.0,1.352734088897705,0.3055555555555556,1.4504876375198363,0.3055555555555556
0.0023627053014934063,1.0,1.3688292503356934,0.3611111111111111,1.4853024005889892,0.3194444444444444
0.0024745622649788857,1.0,1.3212530612945557,0.4444444444444444,1.4161903142929078,0.2986111111111111
0.002722390228882432,1.0,1.4021117687225342,0.3333333333333333,1.5276604890823364,0.3055555555555556
0.004006565548479557,1.0,1.4833911657333374,0.3333333333333333,1.5183097124099731,0.28125
0.0022809067741036415,1.0,1.3346235752105713,0.4722222222222222,1.4451703548431396,0.3194444444444444
0.0021560853347182274,1.0,1.4085767269134521,0.3888888888888889,1.5073839902877808,0.3020833333333333
0.0024744009133428335,1.0,1.3979690074920654,0.3055555555555556,1.5063334941864013,0.3090277777777778
0.00213049934245646,1.0,1.3688114881515503,0.3611111111111111,1.4557775735855103,0.3055555555555556
0.005055437330156565,1.0,1.3364109992980957,0.3611111111111111,1.4527940273284912,0.3055555555555556
0.002246858086436987,1.0,1.3838350772857666,0.3611111111111111,1.5076074838638305,0.3020833333333333
0.0027474251110106707,1.0,1.323105812072754,0.4444444444444444,1.4225869178771973,0.3125
0.0022288032341748476,1.0,1.3508590459823608,0.4444444444444444,1.4555432081222535,0.3020833333333333
0.0027893048245459795,1.0,1.3452792167663574,0.3333333333333333,1.4526691913604737,0.3125
0.0028588788118213415,1.0,1.3594237565994263,0.3055555555555556,1.4354594707489015,0.2881944444444444
0.0037084901705384254,1.0,1.3336631059646606,0.4166666666666667,1.4210359811782838,0.3159722222222222
0.003465693909674883,1.0,1.3338072299957275,0.3611111111111111,1.4323262453079224,0.3194444444444444
0.002125826897099614,1.0,1.381831407546997,0.3055555555555556,1.4689185619354248,0.2986111111111111
0.00197192607447505,1.0,1.3437050580978394,0.3888888888888889,1.4430507659912108,0.3090277777777778
0.0022075846791267395,1.0,1.3533729314804077,0.3888888888888889,1.4546207427978515,0.3229166666666667
0.0032841823995113373,1.0,1.3381915092468262,0.3611111111111111,1.4227823495864869,0.3090277777777778
0.002633947879076004,1.0,1.326636791229248,0.3333333333333333,1.4184005737304688,0.3125
0.002147907856851816,1.0,1.3480819463729858,0.3888888888888889,1.4430172204971314,0.3125
0.002033014316111803,1.0,1.3456753492355347,0.4166666666666667,1.4334548234939575,0.3125
0.00487277889624238,1.0,1.339389443397522,0.3333333333333333,1.430486011505127,0.3090277777777778
0.0020403368398547173,1.0,1.3372254371643066,0.3611111111111111,1.4505939722061156,0.3194444444444444
0.004782530944794416,1.0,1.3309645652770996,0.4166666666666667,1.4419476747512818,0.3055555555555556
0.0021327403374016285,1.0,1.3479129076004028,0.3888888888888889,1.4413828611373902,0.3020833333333333
0.0019434471614658833,1.0,1.3471494913101196,0.3055555555555556,1.4418268203735352,0.3055555555555556
0.002036183839663863,1.0,1.327420711517334,0.3888888888888889,1.420659589767456,0.2951388888888889
0.0020183289889246225,1.0,1.350696086883545,0.3611111111111111,1.4147220611572267,0.3055555555555556
0.002631865907460451,1.0,1.4650877714157104,0.3055555555555556,1.564029335975647,0.2916666666666667
0.0038857238832861185,1.0,1.3786745071411133,0.3888888888888889,1.4607905149459839,0.3194444444444444
0.002228621393442154,1.0,1.3307063579559326,0.3333333333333333,1.4248642444610595,0.3020833333333333
0.002743377350270748,1.0,1.5078492164611816,0.3333333333333333,1.6577914714813233,0.2777777777777778
0.00426677567884326,1.0,2.1324362754821777,0.25,2.0910016536712646,0.2708333333333333
0.003035885514691472,1.0,1.4421215057373047,0.3333333333333333,1.548734998703003,0.2951388888888889
0.0038575055077672005,1.0,1.4145715236663818,0.3611111111111111,1.4790872812271119,0.2951388888888889
0.002897468861192465,1.0,1.5124359130859375,0.25,1.578014874458313,0.2881944444444444
0.0037305590230971575,1.0,1.7827924489974976,0.3055555555555556,1.944396424293518,0.2604166666666667
0.003311711363494396,1.0,2.4906399250030518,0.2222222222222222,2.3555999755859376,0.2604166666666667
0.002278772182762623,1.0,1.8938846588134766,0.3055555555555556,1.9737994194030761,0.2604166666666667
0.005250218324363232,1.0,1.724023461341858,0.2222222222222222,1.9060525178909302,0.2916666666666667
0.002764250850304961,1.0,1.664773941040039,0.3055555555555556,1.7294106960296631,0.3020833333333333
0.00390636408701539,1.0,4.59404993057251,0.25,4.875977993011475,0.25
0.002678334480151534,1.0,3.303602457046509,0.3611111111111111,3.5229931354522703,0.2465277777777778
0.003892711130902171,1.0,2.6577062606811523,0.25,2.6066683769226073,0.2673611111111111
0.003539108904078603,1.0,2.3384087085723877,0.25,2.512337636947632,0.2534722222222222
0.003002879209816456,1.0,13.422821044921875,0.25,14.231783676147462,0.25
0.07916569709777832,0.996031746031746,13.382598876953125,0.25,14.224398422241212,0.25
1.6916159391403198,0.6388888888888888,83.38772583007812,0.25,85.95927124023437,0.25
1.2885054349899292,0.3888888888888889,56.25590133666992,0.25,58.59070816040039,0.25
1.130886435508728,0.5119047619047619,37.67915344238281,0.25,36.787451171875,0.25
0.9253115057945251,0.6507936507936508,7.023805618286133,0.3333333333333333,8.474000263214112,0.3298611111111111
0.7635906934738159,0.6904761904761905,7.104552268981934,0.2777777777777778,9.35247859954834,0.25
0.6440466642379761,0.7857142857142857,3.376898765563965,0.16666666666666666,2.8551533699035643,0.2708333333333333
0.4056496024131775,0.9166666666666666,2.0665884017944336,0.2777777777777778,2.20592041015625,0.3194444444444444
0.25793027877807617,0.9484126984126984,2.969403028488159,0.3333333333333333,4.008517742156982,0.2569444444444444
0.25756701827049255,0.9761904761904762,2.4066832065582275,0.3333333333333333,3.1601703643798826,0.2673611111111111
0.1859174221754074,0.9880952380952381,5.059298992156982,0.2777777777777778,4.750868129730224,0.2847222222222222
0.0653502494096756,1.0,1.540305733680725,0.4444444444444444,2.01887104511261,0.3541666666666667
0.050155166536569595,1.0,2.7477078437805176,0.25,2.9373987674713136,0.2916666666666667
0.030313966795802116,1.0,2.096327781677246,0.3333333333333333,1.9194559812545777,0.3159722222222222
0.022282395511865616,1.0,2.9468421936035156,0.2777777777777778,3.314423179626465,0.28125
0.02318619377911091,1.0,2.3037872314453125,0.3055555555555556,2.869871807098389,0.3402777777777778
0.013078531250357628,1.0,1.7352173328399658,0.4166666666666667,1.790754008293152,0.34375
0.012893007136881351,1.0,1.9664006233215332,0.3611111111111111,1.6848893642425538,0.3645833333333333
0.007335369475185871,1.0,2.4607903957366943,0.3333333333333333,2.67825608253479,0.3020833333333333
0.006545380689203739,1.0,2.2492854595184326,0.3333333333333333,2.419726514816284,0.3229166666666667
0.005626070778816938,1.0,1.5619285106658936,0.3888888888888889,1.598141646385193,0.3854166666666667
0.004410182125866413,1.0,1.659647822380066,0.4166666666666667,1.6196587562561036,0.3645833333333333
0.003310434054583311,1.0,1.455904245376587,0.4722222222222222,1.5533993721008301,0.3645833333333333
0.0038223688025027514,1.0,1.55062997341156,0.4444444444444444,1.676899003982544,0.3958333333333333
0.002720106625929475,1.0,1.4583160877227783,0.4444444444444444,1.6565639972686768,0.375
0.014666736125946045,1.0,1.3691599369049072,0.5277777777777778,1.4889230728149414,0.4131944444444444
0.0023645954206585884,1.0,1.4878497123718262,0.4722222222222222,1.4826979637145996,0.4027777777777778
0.002741652773693204,1.0,1.3866233825683594,0.5,1.5075876712799072,0.3888888888888889
0.004321383312344551,1.0,1.2929438352584839,0.4444444444444444,1.5007806062698363,0.3854166666666667
0.002880173036828637,1.0,1.318233847618103,0.4722222222222222,1.6274922609329223,0.3645833333333333
0.002824516734108329,1.0,1.328647255897522,0.5,1.5800303220748901,0.375
0.002439973410218954,1.0,1.3294777870178223,0.5,1.466008758544922,0.3958333333333333
0.003146402770653367,1.0,1.4153660535812378,0.4722222222222222,1.494955348968506,0.3993055555555556
0.003072095802053809,1.0,1.4559314250946045,0.4722222222222222,1.5376943349838257,0.3576388888888889
0.0030753372702747583,1.0,1.3529038429260254,0.5,1.510809063911438,0.4027777777777778
0.003382039023563266,1.0,1.301647424697876,0.5277777777777778,1.499554491043091,0.3819444444444444
0.003781143808737397,1.0,1.3079341650009155,0.5555555555555556,1.4874827861785889,0.3784722222222222
0.0023539464455097914,1.0,1.3471349477767944,0.5,1.4682445764541625,0.40625
0.002234129933640361,1.0,1.3716977834701538,0.5,1.474103283882141,0.4131944444444444
0.002991533139720559,1.0,1.3634246587753296,0.5,1.4474509954452515,0.4131944444444444
0.002701045013964176,1.0,1.3456039428710938,0.4444444444444444,1.4506151914596557,0.3958333333333333
0.0028360970318317413,1.0,1.336599588394165,0.4444444444444444,1.487568974494934,0.3958333333333333
0.0023045006673783064,1.0,1.3207380771636963,0.5,1.4814783096313477,0.3854166666666667
0.0037725737784057856,1.0,1.327805995941162,0.5277777777777778,1.4382992744445802,0.3888888888888889
0.0020317542366683483,1.0,1.3355703353881836,0.5,1.4452776908874512,0.40625
0.0015075489645823836,1.0,1.3337384462356567,0.5,1.4321444272994994,0.3958333333333333
0.0022544607054442167,1.0,1.3340121507644653,0.5,1.4314792156219482,0.3993055555555556
0.0019391035893931985,1.0,1.3377317190170288,0.5277777777777778,1.4563483953475953,0.3958333333333333
0.002381515922024846,1.0,1.3353906869888306,0.5,1.4546664237976075,0.3923611111111111
0.0017088630702346563,1.0,1.39482843875885,0.5,1.5132076740264893,0.3888888888888889
0.0016190172173082829,1.0,1.3382030725479126,0.4444444444444444,1.4654199600219726,0.3923611111111111
0.0016883737407624722,1.0,1.3471009731292725,0.4444444444444444,1.48932204246521,0.3958333333333333
0.002868081210181117,1.0,1.3744350671768188,0.5,1.494685173034668,0.375
0.0018583214841783047,1.0,1.3767756223678589,0.5,1.4897746086120605,0.3888888888888889
0.0024805578868836164,1.0,1.3531997203826904,0.5,1.4515209197998047,0.3993055555555556
0.0014466519933193922,1.0,1.3192229270935059,0.5277777777777778,1.4383727312088013,0.3854166666666667
0.0016954396851360798,1.0,1.302152156829834,0.5555555555555556,1.4725947380065918,0.3888888888888889
0.0018517915159463882,1.0,1.3087480068206787,0.5,1.4554354667663574,0.375
0.0021194296423345804,1.0,1.3451974391937256,0.5,1.4537505388259888,0.3993055555555556
0.0019543368835002184,1.0,1.3526896238327026,0.5,1.4365668296813965,0.3993055555555556
0.0018440679414197803,1.0,1.357991099357605,0.5,1.4942219018936158,0.4027777777777778
0.0033380305394530296,1.0,1.3500466346740723,0.5,1.4274092435836792,0.3993055555555556
0.002145112492144108,1.0,1.4678219556808472,0.4444444444444444,1.6618109941482544,0.3506944444444444
0.0021243118681013584,1.0,1.611309289932251,0.3888888888888889,1.6637513637542725,0.3784722222222222
0.001511962036602199,1.0,1.5447038412094116,0.4444444444444444,1.575451922416687,0.375
0.0016682243440300226,1.0,1.473726749420166,0.4166666666666667,1.4988544225692748,0.3854166666666667
0.0015914086252450943,1.0,1.3349157571792603,0.4444444444444444,1.4899510383605956,0.3993055555555556
0.001588913844898343,1.0,1.4221675395965576,0.4166666666666667,1.7107121229171753,0.3402777777777778
0.0013392840046435595,1.0,1.3987442255020142,0.4444444444444444,1.622230100631714,0.34375
0.0017524524591863155,1.0,1.3251737356185913,0.4722222222222222,1.504036021232605,0.3993055555555556
0.0015187518438324332,1.0,1.3292880058288574,0.4722222222222222,1.4802249193191528,0.40625
0.001508598681539297,1.0,1.3177566528320312,0.5,1.4515084028244019,0.3854166666666667
